plate_number,status,message,timestamp
ABC123,unavailable,This combination is NOT available.,2025-08-24T07:33:42.460021
DEF456,unavailable,This combination is NOT available.,2025-08-24T07:33:50.989173
GHI789,unavailable,This combination is NOT available.,2025-08-24T07:33:59.562945
JKL012,unavailable,This combination is NOT available.,2025-08-24T07:34:08.035224
MNO345,unavailable,This combination is NOT available.,2025-08-24T07:34:16.506051
PQR678,unavailable,This combination is NOT available.,2025-08-24T07:34:24.952746
STU901,unavailable,This combination is NOT available.,2025-08-24T07:34:33.427534
VWX234,unavailable,This combination is NOT available.,2025-08-24T07:34:41.883465
YZA567,unavailable,This combination is NOT available.,2025-08-24T07:34:50.442894
BCD890,unavailable,This combination is NOT available.,2025-08-24T07:34:58.946739
